Age,Salary,Experience,Gender_Female,Gender_Male,Department_Finance,Department_HR,Department_IT,Department_Marketing
-1.632052226506887,-1.4650333877168535,-1.2344267996967353,1.0,0.0,0.0,0.0,1.0,0.0
-0.28800921644239297,-0.6357692059903329,-0.15430334996209186,0.0,1.0,0.0,1.0,0.0,0.0
-0.9600307214746401,0.0,-1.2344267996967353,1.0,0.0,1.0,0.0,0.0,0.0
0.3840122885898541,1.0227591574627084,0.9258200997725515,0.0,1.0,0.0,0.0,1.0,0.0
-2.387499993376164e-15,-0.9674748786809412,-0.15430334996209186,1.0,0.0,0.0,1.0,0.0,0.0
1.0560337936221011,0.19349497573618774,0.0,0.0,1.0,1.0,0.0,0.0,0.0
-0.28800921644239297,0.0,-0.15430334996209186,1.0,0.0,0.0,0.0,1.0,0.0
1.7280552986543483,1.8520233391892291,2.005943549507195,0.0,1.0,0.0,0.0,0.0,1.0
